index,critical_temp
0,28.115297
1,27.130775
2,88.709335
3,86.61198
4,88.38188
5,82.27018
6,88.92026
7,66.45659
8,93.03591
9,69.56384
10,35.619297
11,10.325553
12,26.27298
13,72.7057
14,86.01644
15,86.01644
16,86.01644
17,86.01644
18,55.85911
19,77.35113
20,33.826553
21,79.78913
22,18.834938
23,64.17674
24,80.86549
25,75.06238
26,35.619297
27,70.33803
28,92.79207
29,93.59708
30,21.857248
31,114.51472
32,119.85379
33,83.269135
34,82.02306
35,72.410614
36,64.71187
37,42.51188
38,78.412605
39,32.090046
40,82.10883
41,81.559746
42,22.864895
43,92.72249
44,86.01644
45,92.72249
46,75.416466
47,88.63847
48,88.28222
49,35.970634
50,79.83838
51,40.039196
52,85.473816
53,65.098724
54,72.7057
55,76.10078
56,79.27398
57,73.531364
58,74.30018
59,74.15018
60,89.58307
61,83.269135
62,90.33161
63,59.13746
64,76.0626
65,54.918987
66,65.33569
67,50.35593
68,40.355415
69,83.269135
70,71.45475
71,54.480312
72,76.806015
73,80.545204
74,35.619297
75,85.32717
76,31.5494
77,30.068258
78,90.698845
79,84.59135
80,74.411766
81,91.16603
82,76.76663
83,22.158026
84,77.81557
85,19.73154
86,80.86549
87,75.236046
88,43.959755
89,41.6447
90,78.74516
91,92.39196
92,73.065926
93,90.00133
94,81.73286
95,58.322872
96,87.39785
97,28.479364
98,88.37528
99,68.69249
100,50.615402
101,81.72209
102,58.77818
103,48.072975
104,49.276993
105,57.088486
106,44.76042
107,40.88104
108,67.46731
109,71.33782
110,51.252808
111,44.11181
112,24.159262
113,53.88838
114,66.26128
115,71.56679
116,66.26128
117,78.440674
118,58.893707
119,56.67715
120,85.55932
121,89.26165
122,88.123955
123,78.9889
124,38.1061
125,86.01644
126,87.527245
127,32.365288
128,119.85379
129,35.64275
130,79.12455
131,76.806015
132,81.97201
133,105.386566
134,98.3642
135,87.175476
136,93.415535
137,9.887194
138,85.473816
139,65.098724
140,78.25001
141,54.459343
142,31.10247
143,14.046742
144,89.58307
145,70.33803
146,64.57305
147,78.49641
148,88.99069
149,58.705097
150,99.70665
151,104.73251
152,98.97375
153,83.41907
154,88.558044
155,86.01644
156,69.86135
157,66.141075
158,66.663574
159,41.985405
160,34.86579
161,76.806015
162,79.723694
163,16.006195
164,14.605783
165,41.562214
166,39.02678
167,87.50987
168,77.083176
169,79.12455
170,38.275604
171,48.910774
172,32.41348
173,20.938883
174,19.653267
175,22.539042
176,30.568768
177,24.93864
178,69.78353
179,24.044075
180,54.780903
181,28.094427
182,23.934408
183,21.240845
184,90.28123
185,74.259995
186,65.98294
187,38.77483
188,70.63667
189,75.904625
190,87.09437
191,31.527885
192,90.85047
193,86.01644
194,73.91305
195,104.28788
196,116.6311
197,112.47152
198,47.365566
199,55.895844
200,56.470932
201,86.61124
202,89.9783
203,82.891685
204,27.645596
205,82.808304
206,74.12668
207,79.12455
208,88.123955
209,90.00133
210,81.07804
211,82.785866
212,78.70674
213,90.33161
214,80.453125
215,69.89411
216,58.53156
217,77.58705
218,79.12455
219,16.24705
220,69.78353
221,24.044075
222,35.619297
223,60.252842
224,53.557602
225,96.35297
226,86.01644
227,75.961174
228,77.6029
229,84.1381
230,28.76081
231,57.71258
232,19.794233
233,84.02552
234,69.23503
235,52.79032
236,72.46319
237,72.805115
238,75.977646
239,75.61541
240,44.1055
241,89.287735
242,82.378586
243,70.36683
244,62.30547
245,81.67705
246,71.645966
247,69.05524
248,75.266
249,20.409695
250,58.72701
251,42.245457
252,85.80869
253,78.74516
254,59.707787
255,116.86648
256,116.86648
257,65.28888
258,73.97016
259,21.298681
260,109.47293
261,91.98545
262,83.0265
263,93.73037
264,35.384247
265,44.322556
266,92.39196
267,88.653404
268,63.486626
269,83.269135
270,87.527245
271,90.908966
272,116.6311
273,80.69324
274,71.58018
275,66.53651
276,64.70669
277,24.685825
278,22.780539
279,22.460121
280,15.0494375
281,14.774742
282,21.298681
283,15.599842
284,79.65819
285,87.527245
286,91.44278
287,20.300297
288,20.734753
289,85.088104
290,85.088104
291,44.646088
292,78.74516
293,16.022993
294,18.54412
295,116.6311
296,49.21131
297,9.873264
298,71.02153
299,24.29457
300,24.044075
301,35.619297
302,40.039196
303,103.50334
304,104.933945
305,89.553856
306,53.628857
307,35.183437
308,28.418682
309,53.628857
310,81.68301
311,44.55522
312,9.712058
313,15.382165
314,83.70487
315,76.806015
316,28.800924
317,83.068825
318,71.97644
319,23.248415
320,76.806015
321,59.221783
322,78.22271
323,71.40839
324,90.85047
325,78.233826
326,84.945076
327,18.094252
328,18.641043
329,28.479364
330,83.269135
331,20.874416
332,35.619297
333,18.105724
334,16.954807
335,29.388325
336,24.702454
337,20.298971
338,31.36925
339,13.284272
340,14.37357
341,21.367727
342,18.834938
343,15.90283
344,81.68301
345,39.555195
346,67.497345
347,51.447933
348,78.612854
349,40.24979
350,52.717613
351,74.90681
352,54.459343
353,66.68177
354,83.269135
355,88.94004
356,87.26712
357,82.42703
358,33.727955
359,93.321465
360,91.001495
361,86.01644
362,40.340652
363,40.50152
364,77.85466
365,9.443031
366,18.946314
367,24.990887
368,39.267986
369,34.982796
370,86.01644
371,16.488184
372,16.391096
373,73.219
374,23.167921
375,24.31216
376,21.839045
377,21.664932
378,91.36879
379,41.273026
380,64.96499
381,18.022804
382,81.852066
383,33.741028
384,71.627205
385,69.56927
386,9.4627075
387,7.6521215
388,16.512236
389,16.939774
390,59.707787
391,27.324043
392,21.921656
393,68.591934
394,20.938883
395,79.12455
396,109.68463
397,109.27691
398,20.707613
399,28.835752
400,24.905415
401,68.32708
402,68.30889
403,60.82922
404,20.625143
405,61.148586
406,108.57883
407,29.353043
408,23.766655
409,105.10973
410,22.432127
411,37.000027
412,43.16668
413,49.291428
414,91.3197
415,49.410255
416,90.85047
417,53.366146
418,48.959972
419,86.37843
420,28.789076
421,76.41315
422,75.79435
423,79.50454
424,61.768982
425,50.623043
426,76.806015
427,54.340347
428,48.746304
429,75.348
430,35.406345
431,59.707787
432,59.707787
433,82.44363
434,60.289383
435,23.300953
436,54.62267
437,25.225357
438,75.28762
439,76.163574
440,78.75028
441,82.3413
442,85.28025
443,80.725075
444,57.54077
445,34.896507
446,12.170252
447,79.12455
448,64.2077
449,80.33481
450,46.172062
451,70.98743
452,80.07118
453,41.524982
454,21.633255
455,21.295292
456,79.17763
457,78.31604
458,13.914573
459,45.355343
460,30.439932
461,96.52896
462,91.17055
463,79.86637
464,78.48577
465,61.916138
466,23.21831
467,65.90728
468,49.543434
469,21.659937
470,41.859917
471,55.775867
472,52.503914
473,40.593254
474,48.500584
475,31.33073
476,39.22051
477,21.45081
478,38.73034
479,46.24819
480,36.26727
481,34.704975
482,84.27645
483,28.190996
484,84.0563
485,37.395798
486,27.50834
487,25.7967
488,18.136774
489,21.34495
490,113.83006
491,83.78495
492,80.676765
493,82.614815
494,25.225357
495,25.225357
496,79.12455
497,29.50179
498,80.31988
499,86.34197
500,33.74792
501,27.1174
502,59.070786
503,17.134365
504,53.307537
505,84.24942
506,65.95463
507,64.69517
508,60.90582
509,66.5811
510,62.6837
511,87.46545
512,86.880226
513,52.57014
514,17.134365
515,24.044075
516,88.558044
517,29.353043
518,29.38279
519,35.37691
520,19.69778
521,63.740475
522,28.479364
523,86.01644
524,66.08028
525,43.767776
526,19.595161
527,73.59729
528,67.94944
529,28.479364
530,11.4843025
531,9.369542
532,27.251715
533,65.10066
534,68.88627
535,14.853476
536,9.84271
537,111.05663
538,115.87077
539,21.298681
540,86.01644
541,59.46143
542,79.12455
543,101.83794
544,86.01644
545,76.806015
546,92.00059
547,84.22021
548,36.45255
549,35.016434
550,33.05178
551,82.59473
552,81.67426
553,53.97559
554,77.74152
555,78.68716
556,72.30737
557,70.90018
558,48.04723
559,86.227745
560,98.75465
561,94.76709
562,35.540836
563,76.881386
564,65.71832
565,83.4955
566,86.039024
567,66.23127
568,60.75773
569,40.953636
570,28.274672
571,82.73882
572,75.653915
573,79.38305
574,87.33561
575,96.03242
576,78.68284
577,80.9287
578,76.19681
579,22.234436
580,15.377213
581,82.57163
582,33.74737
583,90.950516
584,25.208647
585,112.99677
586,88.54964
587,85.03008
588,65.00111
589,76.13038
590,76.13038
591,30.398819
592,70.22285
593,29.034388
594,68.80243
595,67.95698
596,50.538334
597,76.2208
598,70.15194
599,19.115976
600,18.54412
601,25.222382
602,18.170113
603,19.73154
604,78.22073
605,79.98314
606,19.401052
607,58.41713
608,15.176923
609,20.625143
610,16.046656
611,88.24291
612,89.55745
613,91.98686
614,35.992744
615,38.5875
616,42.760452
617,24.001894
618,78.368095
619,19.653267
620,16.348707
621,61.184483
622,25.40771
623,26.559729
624,27.631582
625,30.844452
626,27.636093
627,32.417446
628,75.45753
629,13.933429
630,17.085344
631,28.479364
632,8.5048485
633,8.526481
634,12.491451
635,27.099115
636,24.302746
637,121.54799
638,27.832298
639,54.230804
640,62.14895
641,86.47661
642,49.1229
643,84.87478
644,74.32776
645,52.09121
646,77.083176
647,52.58658
648,6.151004
649,6.151004
650,36.51239
651,64.52929
652,28.230604
653,20.069897
654,20.152931
655,20.938883
656,51.156395
657,24.564358
658,84.695206
659,46.82753
660,35.64275
661,21.298681
662,62.031487
663,68.69409
664,63.3965
665,105.10973
666,10.595329
667,86.86657
668,54.31277
669,83.78762
670,57.20298
671,33.531242
672,84.66997
673,63.09932
674,56.223484
675,21.990852
676,82.99688
677,81.27283
678,42.948254
679,78.22271
680,50.538334
681,71.45475
682,25.796373
683,20.36448
684,115.66998
685,85.3239
686,79.71093
687,68.606766
688,64.26668
689,42.613026
690,112.53915
691,35.619297
692,96.809265
693,96.49345
694,85.99765
695,81.261314
696,86.84483
697,91.59037
698,93.447624
699,88.653595
700,74.20496
701,111.15845
702,52.746746
703,36.841156
704,24.24781
705,70.87304
706,67.144875
707,65.592804
708,18.487932
709,126.93258
710,129.20667
711,123.47579
712,86.93063
713,88.123955
714,77.54412
715,63.711815
716,73.244225
717,69.31109
718,122.8916
719,122.8916
720,38.425392
721,72.20495
722,57.031483
723,50.012512
724,46.260998
725,52.86735
726,74.61136
727,122.8916
728,115.67691
729,107.78186
730,125.71369
731,111.72066
732,86.01644
733,107.00445
734,115.82858
735,95.98309
736,103.96238
737,38.80137
738,62.927868
739,59.494946
740,52.050304
741,54.40917
742,36.243244
743,71.20013
744,69.56424
745,113.07276
746,98.435684
747,76.23489
748,85.302795
749,55.751804
750,79.12455
751,59.780903
752,28.050657
753,25.229765
754,25.383694
755,68.12701
756,35.183437
757,26.70689
758,77.748245
759,46.949703
760,73.1016
761,101.34172
762,60.504673
763,56.997063
764,78.41826
765,7.3938546
766,26.70592
767,78.08848
768,17.460419
769,20.77093
770,43.375305
771,41.8576
772,31.8812
773,71.10942
774,61.716007
775,79.12455
776,65.51271
777,66.26128
778,90.78068
779,80.86549
780,41.340088
781,26.626453
782,27.484295
783,73.744514
784,75.622536
785,67.8408
786,34.283363
787,100.30939
788,83.60815
789,33.546345
790,73.63208
791,73.59662
792,24.86574
793,81.778984
794,52.436123
795,47.51935
796,72.46319
797,87.40233
798,76.806015
799,77.57736
800,80.67225
801,123.650154
802,129.18265
803,66.294075
804,69.08601
805,59.998184
806,64.2077
807,70.98743
808,28.121683
809,110.25728
810,31.752974
811,104.190956
812,116.6311
813,101.72276
814,100.70948
815,33.87978
816,85.37814
817,55.895844
818,67.42481
819,87.27966
820,84.246086
821,78.25001
822,61.148586
823,83.269135
824,69.18848
825,83.269135
826,81.98809
827,88.204575
828,81.68301
829,82.344376
830,81.463165
831,8.935182
832,59.12523
833,73.18754
834,31.527885
835,76.682915
836,65.05096
837,69.883835
838,56.87976
839,40.829464
840,78.18235
841,78.18235
842,67.67174
843,58.588318
844,82.609505
845,83.259285
846,46.266045
847,74.30748
848,79.74683
849,62.36567
850,38.546734
851,84.20305
852,54.70673
853,75.48327
854,60.441677
855,67.13138
856,87.58048
857,84.29947
858,82.567566
859,81.572914
860,76.0104
861,47.64878
862,66.71022
863,75.698784
864,46.621048
865,65.89335
866,44.668304
867,57.352135
868,53.462692
869,61.463963
870,35.183437
871,77.994736
872,58.901554
873,77.80152
874,45.49079
875,87.47568
876,130.06116
877,78.69429
878,81.60342
879,79.68727
880,75.7488
881,53.570564
882,76.526695
883,77.76423
884,71.061485
885,89.461555
886,70.97338
887,57.130604
888,19.212952
889,49.460514
890,18.153805
891,45.956783
892,23.747498
893,30.92771
894,65.86506
895,70.05013
896,84.61596
897,55.895844
898,59.618843
899,42.375618
900,22.094072
901,42.940914
902,41.584858
903,70.32986
904,61.63646
905,61.723984
906,57.524105
907,34.83071
908,22.20177
909,69.583664
910,90.81288
911,50.764473
912,25.112797
913,57.401073
914,72.1139
915,66.352234
916,74.842575
917,75.50634
918,29.332743
919,78.05314
920,78.630936
921,77.036995
922,25.799946
923,49.152554
924,116.659256
925,16.482492
926,85.75521
927,71.11451
928,67.45368
929,57.782063
930,42.495483
931,67.45368
932,67.45368
933,33.63293
934,57.749363
935,66.68177
936,97.399574
937,105.24801
938,90.54638
939,90.31864
940,76.806015
941,84.16216
942,85.17197
943,83.269135
944,51.314457
945,83.8476
946,100.56472
947,83.56495
948,82.6421
949,82.42812
950,85.66187
951,83.70859
952,69.9389
953,70.15833
954,59.369537
955,43.362083
956,42.30239
957,29.098057
958,77.23649
959,17.706562
960,10.956859
961,10.717608
962,89.547104
963,92.90143
964,66.92567
965,64.16291
966,115.66998
967,126.93258
968,33.029366
969,11.837214
970,23.102837
971,23.684189
972,20.521713
973,22.446568
974,21.98819
975,24.416471
976,96.04517
977,57.869926
978,80.67616
979,81.33137
980,75.10842
981,60.745697
982,58.957005
983,85.9979
984,72.522705
985,68.10507
986,63.666958
987,66.5811
988,41.19801
989,65.327934
990,74.7177
991,56.865704
992,37.912903
993,79.12455
994,28.541132
995,78.25001
996,35.67786
997,93.84127
998,55.508575
999,27.302315
1000,27.302315
1001,78.74516
1002,10.318952
1003,25.000647
1004,21.857248
1005,48.682026
1006,60.15918
1007,78.18938
1008,80.37305
1009,28.512737
1010,91.36879
1011,109.67774
1012,12.515666
1013,18.482367
1014,60.119793
1015,61.024376
1016,60.574707
1017,73.95816
1018,64.94871
1019,49.643898
1020,105.386566
1021,61.72694
1022,45.040253
1023,73.84675
1024,70.256256
1025,23.039011
1026,35.222233
1027,35.222233
1028,36.060165
1029,36.24769
1030,79.62159
1031,86.86018
1032,81.74021
1033,75.1767
1034,77.5102
1035,73.19674
1036,20.30385
1037,57.77491
1038,86.841835
1039,87.242836
1040,63.457275
1041,65.46784
1042,55.351692
1043,83.269135
1044,68.02527
1045,77.11261
1046,76.91976
1047,84.16731
1048,125.461876
1049,125.461876
1050,20.149563
1051,29.204605
1052,31.650145
1053,29.098305
1054,27.28035
1055,30.118353
1056,30.015703
1057,33.306904
1058,28.983255
1059,41.933388
1060,48.199024
1061,42.887043
1062,74.17615
1063,54.01301
1064,54.023853
1065,55.174183
1066,49.78104
1067,49.78104
1068,62.542244
1069,64.388466
1070,49.53945
1071,31.477455
1072,72.12423
1073,78.01888
1074,40.48649
1075,67.15686
1076,49.648956
1077,132.96146
1078,58.0099
1079,74.03486
1080,63.61532
1081,49.573826
1082,78.474236
1083,43.146935
1084,33.90926
1085,36.649605
1086,41.751156
1087,82.55108
1088,73.01021
1089,90.31864
1090,86.86018
1091,83.98244
1092,83.98244
1093,92.39978
1094,77.76376
1095,77.76376
1096,28.76081
1097,26.393719
1098,71.40839
1099,60.47728
1100,84.12609
1101,82.17035
1102,23.464918
1103,66.14865
1104,46.722748
1105,35.453003
1106,22.154667
1107,19.477549
1108,77.74748
1109,70.902596
1110,45.32988
1111,59.946297
1112,39.218037
1113,28.76081
1114,74.568825
1115,73.664894
1116,61.148586
1117,68.311134
1118,20.40902
1119,25.620834
1120,24.103277
1121,32.31957
1122,83.269135
1123,54.312458
1124,19.663126
1125,84.36032
1126,84.36032
1127,126.93258
1128,119.85379
1129,121.4718
1130,81.48612
1131,32.246944
1132,30.935314
1133,74.183754
1134,81.54215
1135,81.234116
1136,106.820175
1137,47.587345
1138,28.733736
1139,24.007761
1140,82.591354
1141,90.71459
1142,87.57741
1143,80.90186
1144,114.91872
1145,62.553783
1146,80.891106
1147,78.45862
1148,34.08145
1149,61.88653
1150,78.857124
1151,65.91633
1152,54.909172
1153,84.299736
1154,80.71462
1155,81.15184
1156,78.712
1157,80.47219
1158,80.39273
1159,73.40068
1160,75.22887
1161,79.008545
1162,78.989815
1163,84.130745
1164,88.92047
1165,84.9335
1166,75.27666
1167,69.81918
1168,72.24393
1169,77.19498
1170,77.19498
1171,79.12455
1172,86.72222
1173,41.653164
1174,60.937946
1175,20.325985
1176,19.39603
1177,51.64118
1178,63.06169
1179,52.296577
1180,37.98483
1181,78.1206
1182,79.12455
1183,74.3338
1184,61.6249
1185,96.10329
1186,35.377922
1187,35.268005
1188,34.408188
1189,56.07787
1190,77.76376
1191,123.15537
1192,123.15537
1193,81.29944
1194,90.78068
1195,115.66998
1196,69.99777
1197,78.72098
1198,68.20624
1199,73.71421
1200,78.93914
1201,77.81029
1202,81.32603
1203,76.13774
1204,42.35974
1205,80.81403
1206,37.308525
1207,33.774395
1208,36.25345
1209,13.247937
1210,15.612997
1211,15.476289
1212,18.362328
1213,21.396168
1214,72.646355
1215,89.48379
1216,86.76193
1217,87.823555
1218,72.685036
1219,45.38841
1220,26.082573
1221,22.369022
1222,25.210014
1223,25.687073
1224,34.866684
1225,45.850376
1226,18.315872
1227,27.492418
1228,66.68177
1229,78.31663
1230,12.15559
1231,37.244335
1232,49.73707
1233,13.439337
1234,18.045591
1235,23.21831
1236,72.15113
1237,21.921656
1238,25.049646
1239,14.746897
1240,14.495104
1241,12.136079
1242,40.995655
1243,39.22279
1244,95.9416
1245,86.455696
1246,86.01644
1247,16.796087
1248,11.786752
1249,20.410904
1250,81.325264
1251,51.305317
1252,79.10884
1253,26.044275
1254,30.398819
1255,47.365566
1256,35.619297
1257,22.834888
1258,87.99997
1259,88.55946
1260,86.89325
1261,86.61124
1262,47.365566
1263,72.011734
1264,38.3495
1265,40.20164
1266,39.789577
1267,22.204145
1268,35.50729
1269,70.15744
1270,71.87589
1271,36.495487
1272,41.738144
1273,19.653267
1274,22.328297
1275,65.29213
1276,71.68326
1277,83.40758
1278,80.81403
1279,68.95138
1280,59.707787
1281,91.36879
1282,83.90048
1283,86.526985
1284,51.156395
1285,82.31869
1286,82.831024
1287,79.50454
1288,35.704563
1289,71.92531
1290,65.8419
1291,33.714756
1292,79.75822
1293,96.98529
1294,78.74516
1295,78.80423
1296,78.74516
1297,1.2497339
1298,68.22959
1299,79.57968
1300,47.08511
1301,68.154495
1302,65.729324
1303,60.40661
1304,72.68931
1305,70.70728
1306,47.503876
1307,63.613297
1308,51.490078
1309,33.21237
1310,31.414293
1311,84.15667
1312,42.418644
1313,40.674114
1314,44.09817
1315,23.571932
1316,34.16727
1317,8.22128
1318,108.64564
1319,92.30886
1320,92.34577
1321,27.698648
1322,76.806015
1323,60.13788
1324,23.736853
1325,34.636944
1326,40.779007
1327,28.367563
1328,67.16941
1329,73.963295
1330,72.024826
1331,71.627365
1332,72.32578
1333,48.655884
1334,51.519066
1335,78.77746
1336,79.17954
1337,56.347675
1338,86.01644
1339,86.01644
1340,86.01644
1341,86.01644
1342,22.48803
1343,24.652117
1344,6.7751837
1345,83.10335
1346,63.471016
1347,52.183487
1348,68.47643
1349,54.443638
1350,46.587605
1351,88.40018
1352,69.45393
1353,88.92047
1354,67.97725
1355,52.269833
1356,51.296696
1357,114.003105
1358,87.377594
1359,90.27761
1360,39.019505
1361,40.98394
1362,115.66998
1363,90.78068
1364,61.79824
1365,20.938883
1366,21.298681
1367,11.074154
1368,17.910694
1369,41.554104
1370,78.25001
1371,86.865364
1372,38.713776
1373,70.78819
1374,41.463367
1375,61.828842
1376,33.48947
1377,44.1055
1378,47.64878
1379,18.833412
1380,95.4042
1381,126.02803
1382,79.12455
1383,57.41706
1384,82.645164
1385,79.16286
1386,80.12688
1387,86.01644
1388,81.28511
1389,86.01644
1390,55.895844
1391,83.796
1392,70.28999
1393,57.544815
1394,60.653046
1395,77.80569
1396,54.659885
1397,27.163208
1398,20.432917
1399,7.0754285
1400,90.698845
1401,37.996956
1402,36.258728
1403,22.20177
1404,34.720554
1405,78.74516
1406,84.74994
1407,57.849854
1408,68.309105
1409,83.12444
1410,75.904625
1411,19.532597
1412,29.690956
1413,22.552149
1414,26.038633
1415,89.461555
1416,79.81497
1417,91.44278
1418,86.72222
1419,116.10773
1420,59.070786
1421,27.251715
1422,71.40839
1423,68.8408
1424,59.73458
1425,89.37052
1426,87.671844
1427,65.60972
1428,52.8684
1429,68.80243
1430,83.443344
1431,68.9305
1432,85.15675
1433,88.45955
1434,89.64088
1435,28.148178
1436,29.961464
1437,89.895256
1438,63.0342
1439,48.3244
1440,27.808262
1441,54.973446
1442,67.406265
1443,83.75638
1444,78.49641
1445,56.82907
1446,49.83458
1447,1.1002202
1448,1.8938699
1449,1.8849071
1450,25.909943
1451,17.733418
1452,21.38778
1453,7.924006
1454,7.924006
1455,90.698845
1456,44.898937
1457,19.06507
1458,40.23618
1459,51.64118
1460,28.140284
1461,29.559141
1462,35.03499
1463,60.47781
1464,54.56351
1465,62.261665
1466,64.00312
1467,110.3603
1468,76.13038
1469,46.491768
1470,41.52386
1471,48.971947
1472,53.84131
1473,9.1982
1474,37.658028
1475,47.088856
1476,42.035904
1477,40.745636
1478,6.6327696
1479,17.702969
1480,20.354454
1481,25.793238
1482,90.50355
1483,91.92006
1484,87.7917
1485,63.673546
1486,61.509617
1487,67.406265
1488,73.908844
1489,57.428383
1490,54.91244
1491,75.21784
1492,66.00108
1493,53.503624
1494,49.45975
1495,74.55326
1496,43.64124
1497,81.89926
1498,43.866222
1499,87.919395
1500,85.34493
1501,56.490402
1502,38.76215
1503,66.599724
1504,69.24951
1505,53.78776
1506,44.456436
1507,36.947895
1508,23.986408
1509,84.78767
1510,79.65819
1511,125.461876
1512,12.611339
1513,53.63134
1514,59.707787
1515,69.44521
1516,61.76447
1517,82.966736
1518,67.02725
1519,85.273315
1520,88.97258
1521,75.48961
1522,43.067627
1523,76.27616
1524,87.86101
1525,40.6646
1526,80.87214
1527,76.73561
1528,68.64873
1529,88.98981
1530,83.12363
1531,22.401236
1532,21.948538
1533,17.43338
1534,21.356407
1535,25.819433
1536,26.880062
1537,70.39065
1538,69.11438
1539,14.463086
1540,33.714756
1541,78.630936
1542,21.385824
1543,20.152578
1544,18.65883
1545,20.60652
1546,104.08466
1547,116.43525
1548,117.55712
1549,117.230774
1550,102.53046
1551,106.35198
1552,131.1447
1553,74.61136
1554,83.020035
1555,90.319786
1556,86.388885
1557,87.05746
1558,77.19498
1559,82.25558
1560,91.3197
1561,41.693283
1562,40.565006
1563,34.882435
1564,23.432829
1565,28.42563
1566,28.571478
1567,44.252975
1568,59.707787
1569,121.04134
1570,51.156395
1571,9.762737
1572,28.479364
1573,21.298681
1574,39.92594
1575,31.174147
1576,69.4855
1577,52.916122
1578,17.567308
1579,29.423077
1580,37.892197
1581,38.35137
1582,30.647335
1583,86.01644
1584,86.01644
1585,19.73154
1586,29.097109
1587,17.249634
1588,59.707787
1589,57.51408
1590,53.57806
1591,21.367727
1592,84.77436
1593,90.254944
1594,91.301994
1595,91.22163
1596,86.974815
1597,77.7739
1598,79.27181
1599,35.619297
1600,35.619297
1601,21.262293
1602,17.719517
1603,18.054876
1604,76.73561
1605,70.142586
1606,79.56047
1607,23.756617
1608,77.27918
1609,89.106224
1610,79.20518
1611,70.920555
1612,86.080215
1613,75.414925
1614,78.214165
1615,31.789898
1616,33.422127
1617,25.687073
1618,81.973785
1619,36.712833
1620,39.329952
1621,83.73596
1622,25.909943
1623,24.335102
1624,84.9068
1625,81.614044
1626,87.05439
1627,83.269135
1628,62.801224
1629,88.01158
1630,12.806215
1631,33.428116
1632,46.430126
1633,63.698105
1634,67.70808
1635,21.367727
1636,18.834938
1637,27.16064
1638,32.150932
1639,29.388325
1640,19.4642
1641,24.302746
1642,17.315016
1643,10.834558
1644,25.328922
1645,21.507933
1646,54.751595
1647,71.814445
1648,54.034897
1649,89.95029
1650,33.807556
1651,20.153904
1652,45.806705
1653,85.87225
1654,85.87225
1655,85.87225
1656,32.861927
1657,48.096375
1658,70.30958
1659,70.15715
1660,76.806015
1661,60.49226
1662,81.65983
1663,83.269135
1664,61.27116
1665,48.19392
1666,38.09462
1667,87.13993
1668,109.68463
1669,105.05831
1670,106.627106
1671,67.20333
1672,34.986183
1673,107.94644
1674,111.38249
1675,110.17015
1676,104.59389
1677,98.69813
1678,86.014435
1679,78.437775
1680,55.903847
1681,71.23233
1682,39.639816
1683,72.907005
1684,123.5498
1685,130.90668
1686,57.782063
1687,72.07774
1688,52.876743
1689,39.66226
1690,41.715748
1691,43.01526
1692,19.595272
1693,107.64976
1694,86.37843
1695,76.75582
1696,26.333197
1697,18.641043
1698,16.9161
1699,28.733736
1700,65.10439
1701,88.162704
1702,72.8931
1703,109.01039
1704,99.57144
1705,126.93258
1706,22.62088
1707,53.485107
1708,54.40399
1709,38.345215
1710,65.10439
1711,27.5196
1712,28.77545
1713,25.687073
1714,12.626495
1715,12.82691
1716,15.905719
1717,17.134365
1718,16.24705
1719,23.061018
1720,94.06575
1721,95.30833
1722,31.370375
1723,23.079609
1724,23.971289
1725,73.18754
1726,23.977428
1727,14.046742
1728,31.10247
1729,24.97831
1730,15.024478
1731,21.070648
1732,84.90325
1733,87.576645
1734,76.911415
1735,8.914541
1736,16.052668
1737,91.22163
1738,12.9448805
1739,26.306408
1740,81.045265
1741,53.57744
1742,16.423094
1743,70.1059
1744,15.735303
1745,16.001652
1746,35.249443
1747,29.896624
1748,50.35392
1749,49.116016
1750,87.62635
1751,90.48073
1752,90.61638
1753,6.6719403
1754,6.783086
1755,11.758871
1756,8.044175
1757,6.783086
1758,8.847244
1759,76.13038
1760,88.23715
1761,93.56623
1762,94.11996
1763,94.129906
1764,14.041485
1765,64.50394
1766,77.41892
1767,48.959972
1768,83.269135
1769,25.000666
1770,89.18413
1771,87.56964
1772,84.16002
1773,85.75312
1774,35.64275
1775,35.64275
1776,27.655003
1777,23.825686
1778,28.818405
1779,30.574356
1780,30.048471
1781,73.031685
1782,72.39168
1783,69.79792
1784,70.445175
1785,23.039011
1786,27.832613
1787,32.17799
1788,98.33155
1789,13.718969
1790,109.718994
1791,118.571846
1792,74.132034
1793,65.99559
1794,52.862766
1795,68.77139
1796,54.003124
1797,78.28215
1798,79.15217
1799,78.97029
1800,16.23197
1801,12.622541
1802,10.854462
1803,9.151397
1804,8.675174
1805,3.2411933
1806,3.5685885
1807,14.08696
1808,26.872173
1809,82.05432
1810,56.347675
1811,26.722965
1812,10.485012
1813,9.289828
1814,91.188896
1815,91.0105
1816,16.82741
1817,14.842888
1818,5.5601497
1819,5.484985
1820,51.19877
1821,32.33274
1822,32.045605
1823,74.182495
1824,34.058205
1825,28.042389
1826,26.100359
1827,72.67002
1828,78.14661
1829,67.40096
1830,58.826313
1831,59.829037
1832,32.35539
1833,36.073277
1834,9.1061125
1835,9.027142
1836,39.48226
1837,37.284603
1838,27.938133
1839,47.364414
1840,59.417908
1841,84.37942
1842,85.088104
1843,1.2497339
1844,1.1320078
1845,63.8628
1846,54.78932
1847,53.02545
1848,91.36879
1849,29.871582
1850,9.762737
1851,31.527885
1852,19.73154
1853,33.714756
1854,47.365566
1855,69.78353
1856,73.15147
1857,87.373276
1858,39.96182
1859,28.325285
1860,16.01268
1861,76.42267
1862,76.42267
1863,28.865814
1864,104.2158
1865,102.04297
1866,104.59307
1867,35.619297
1868,27.844522
1869,24.602535
1870,22.399794
1871,16.77489
1872,22.089201
1873,27.832613
1874,84.85182
1875,81.78687
1876,25.542267
1877,38.796535
1878,87.15489
1879,84.52094
1880,21.575865
1881,100.024185
1882,88.90281
1883,87.75436
1884,43.724392
1885,89.48285
1886,89.93249
1887,85.97923
1888,80.87214
1889,3.302172
1890,28.086388
1891,12.583285
1892,38.510796
1893,23.899529
1894,15.714581
1895,69.23227
1896,71.582634
1897,28.538801
1898,14.656342
1899,21.819048
1900,30.46456
1901,116.78443
1902,79.12455
1903,79.12455
1904,88.10007
1905,73.74467
1906,83.57518
1907,83.06876
1908,87.07323
1909,20.069897
1910,14.092193
1911,22.972101
1912,3.4561749
1913,71.132805
1914,23.749794
1915,28.086388
1916,33.714756
1917,22.513866
1918,22.725092
1919,33.390675
1920,29.377644
1921,27.062057
1922,34.688572
1923,3.9105144
1924,4.21805
1925,17.635677
1926,17.79151
1927,20.361094
1928,26.21974
1929,33.84045
1930,43.52027
1931,24.155643
1932,3.1296654
1933,3.7886336
1934,3.9105144
1935,36.25078
1936,40.272236
1937,40.94128
1938,44.027355
1939,19.653267
1940,74.814804
1941,20.728088
1942,20.155458
1943,18.017555
1944,20.938883
1945,21.396133
1946,19.615269
1947,20.763409
1948,20.763409
1949,15.822097
1950,63.12458
1951,19.93363
1952,6.6327696
1953,32.426018
1954,3.484533
1955,3.5052147
1956,87.251495
1957,6.6327696
1958,5.5214667
1959,18.535112
1960,19.61473
1961,3.5497637
1962,9.312969
1963,10.318952
1964,11.426949
1965,11.426949
1966,10.253852
1967,11.426949
1968,30.220636
1969,110.88684
1970,104.266525
1971,85.671104
1972,64.49931
1973,42.785046
1974,35.312294
1975,54.601463
1976,45.546547
1977,50.411453
1978,49.0953
1979,26.616468
1980,33.48622
1981,77.609215
1982,73.07061
1983,64.06342
1984,42.454258
1985,58.274773
1986,57.492336
1987,57.132885
1988,40.56043
1989,79.840294
1990,6.2275686
1991,67.72919
1992,63.743164
1993,21.362345
1994,26.6421
1995,85.150185
1996,3.5349033
1997,3.5349033
1998,2.8324332
1999,2.8324332
2000,3.6170704
2001,3.5349033
2002,3.8117037
2003,4.821538
2004,6.7551084
2005,4.980013
2006,9.598194
2007,31.527885
2008,18.094252
2009,12.698993
2010,35.961895
2011,1.7215282
2012,35.961895
2013,7.951711
2014,3.406714
2015,6.6327696
2016,-0.9890598
2017,5.0083375
2018,0.7731422
2019,82.00674
2020,75.3106
2021,76.843124
2022,80.0373
2023,4.9054294
2024,35.961895
2025,0.03112041
2026,101.54507
2027,99.84796
2028,34.501102
2029,31.269512
2030,8.337426
2031,34.728294
2032,4.527833
2033,5.4071517
2034,3.774999
2035,54.669586
2036,58.274773
2037,49.81493
2038,57.132885
2039,57.440067
2040,42.454258
2041,6.0726748
2042,7.8697147
2043,38.88286
2044,69.709854
2045,44.388367
2046,62.36567
2047,3.5690875
2048,1.8328651
2049,1.8312713
2050,2.0903978
2051,0.7731422
2052,4.181463
2053,4.0641146
2054,2.9329605
2055,7.458979
2056,11.921809
2057,3.1305566
2058,5.4505672
2059,4.3107357
2060,4.610776
2061,6.1717877
2062,6.8797593
2063,6.766837
2064,6.795646
2065,34.773888
2066,77.1238
2067,77.84653
2068,76.25455
2069,77.918816
2070,4.300983
2071,1.2717522
2072,61.349804
2073,43.891567
2074,34.098965
2075,30.08283
2076,40.33049
2077,42.302486
2078,40.40547
2079,77.14306
2080,77.57193
2081,115.21342
2082,116.8583
2083,11.114459
2084,74.651855
2085,74.64056
2086,85.19964
2087,25.486725
2088,21.122368
2089,0.9434385
2090,3.9946673
2091,9.2095375
2092,5.615222
2093,6.337757
2094,8.730988
2095,9.820567
2096,9.55368
2097,9.5225
2098,9.898968
2099,0.5061867
2100,1.1002202
2101,-0.0075228936
2102,6.539601
2103,2.5885732
2104,20.000801
2105,28.431252
2106,29.702076
2107,6.806308
2108,5.1294565
2109,35.961895
2110,33.701275
2111,27.608335
2112,7.5092864
2113,7.1235824
2114,98.01243
2115,98.28248
2116,103.90101
2117,86.01644
2118,0.43590975
2119,6.3286476
2120,5.1313744
2121,5.8311577
2122,4.805608
2123,6.446386
2124,2.019313
2125,2.4740415
2126,1.1695015
2127,0.5075719
2128,5.4322963
2129,3.5086703
2130,12.434403
2131,12.39688
2132,7.6232553
2133,2.019313
2134,29.161695
2135,5.4322963
2136,4.0519633
2137,4.127951
2138,3.5714376
2139,1.837604
2140,27.577536
2141,18.94201
2142,3.5917616
2143,3.721496
2144,3.5075834
2145,2.8660588
2146,2.5004482
2147,2.5434766
2148,2.411209
2149,3.271343
2150,20.713638
2151,21.254887
2152,31.312342
2153,22.11555
2154,22.132828
2155,18.56638
2156,20.89792
2157,97.16145
2158,71.30083
2159,8.730633
2160,20.938883
2161,6.6327696
2162,130.33754
2163,1.8328651
2164,1.6976527
2165,12.931127
2166,1.7743815
2167,0.7882062
2168,4.6981463
2169,4.234418
2170,3.4683723
2171,2.4903727
2172,3.6836238
2173,3.2272413
2174,1.7822875
2175,4.080949
2176,4.0431924
2177,5.7631316
2178,3.4220784
2179,3.1604843
2180,2.515312
2181,2.2676818
2182,2.1918335
2183,2.297174
2184,2.360967
2185,13.192037
2186,0.808693
2187,7.0239267
2188,3.6324203
2189,5.1317234
2190,5.7169175
2191,3.8516312
2192,3.8888228
2193,4.474644
2194,3.8220809
2195,3.6746886
2196,2.8296494
2197,2.175013
2198,2.5141087
2199,2.9013422
2200,3.5766606
2201,3.8090289
2202,2.5141087
2203,2.1315353
2204,6.3359246
2205,1.3827075
2206,8.337426
2207,1.2756206
2208,2.9282675
2209,3.0390306
2210,2.4746962
2211,35.961895
2212,35.200138
2213,4.0383067
2214,4.032243
2215,8.102984
2216,3.5349033
2217,4.114791
2218,5.719196
2219,35.200138
2220,2.0169995
2221,1.8105189
2222,0.5109823
2223,13.511772
2224,2.0747917
2225,2.0278249
2226,2.0481784
2227,5.438307
2228,7.4838414
2229,6.3689666
2230,4.748636
2231,6.581538
2232,0.97474366
2233,2.0600207
2234,-0.65440416
2235,35.549065
2236,29.836433
2237,35.961895
2238,37.04838
2239,29.559828
2240,35.961895
2241,5.929705
2242,3.4405613
2243,0.8797623
2244,1.0726333
2245,4.5656867
2246,4.507721
2247,2.1548018
2248,2.0110908
2249,3.3790836
2250,3.2556512
2251,1.6976527
2252,9.2095375
2253,2.8407013
2254,5.4508824
2255,5.5576973
2256,2.8007538
2257,1.9471512
2258,0.47603372
2259,-0.29785934
2260,0.521207
2261,1.0517404
2262,5.920959
2263,2.6343372
2264,4.030443
2265,17.432384
2266,18.885338
2267,3.3606076
2268,11.427768
2269,4.252828
2270,5.0278487
2271,3.9303029
2272,14.636985
2273,12.180776
2274,9.728646
2275,11.558955
2276,1.9089749
2277,3.0959873
2278,-1.1091132
2279,4.4520054
2280,1.6763114
2281,4.5673084
2282,15.888873
2283,3.2800603
2284,3.2800603
2285,1.0276762
2286,1.5684994
2287,0.78560334
2288,0.78887534
2289,8.978092
2290,3.730881
2291,3.0987444
2292,2.7503574
2293,2.2122843
2294,0.5781487
2295,1.815019
2296,2.4460082
2297,6.7488995
2298,8.398156
2299,6.6712294
2300,4.0284967
2301,5.624014
2302,6.4324446
2303,3.695089
2304,3.8037705
2305,7.654093
2306,4.862968
2307,3.8493097
2308,3.5907955
2309,8.404305
2310,1.98321
2311,2.6777134
2312,-0.048738886
2313,5.1866307
2314,5.414751
2315,4.7676873
2316,2.1957948
2317,1.940319
2318,1.940319
2319,7.723166
2320,7.699302
2321,3.1175122
2322,7.674089
2323,7.793407
2324,2.6797307
2325,4.3077745
2326,3.569387
2327,3.1480875
2328,6.0083194
2329,10.742048
2330,3.3511624
2331,14.979998
2332,3.6101663
2333,2.833608
2334,3.4617677
2335,0.7882062
2336,3.7626007
2337,0.60038394
2338,0.25812006
2339,3.5735795
2340,2.5488524
2341,-0.34965712
2342,0.22979383
2343,3.6605978
2344,2.4792833
2345,7.552069
2346,4.01385
2347,2.9042633
2348,-0.5985238
2349,3.7916696
2350,2.4236648
2351,0.8817558
2352,7.6914105
2353,3.9839482
2354,2.7946327
2355,5.384283
2356,4.3851805
2357,13.416114
2358,4.6120515
2359,0.16478816
2360,4.7903466
2361,2.2769003
2362,-0.098153956
2363,3.5383835
2364,3.9336333
2365,5.123573
2366,2.892596
2367,1.0295347
2368,5.843629
2369,12.322119
2370,2.0184474
2371,13.2756195
2372,14.689161
2373,2.393405
2374,1.7427471
2375,1.311058
2376,52.435795
2377,4.0986633
2378,3.4988697
2379,4.529778
2380,8.922362
2381,1.9568136
2382,3.268039
2383,5.3274565
2384,8.143982
2385,-0.5889436
2386,-0.32444626
2387,7.0330157
2388,9.548369
2389,6.9913063
2390,10.145857
2391,2.032793
2392,5.92579
2393,5.6271753
2394,4.135928
2395,5.3366804
2396,2.0600207
2397,3.9261253
2398,3.1522582
2399,4.170822
2400,2.4083402
2401,4.032504
2402,4.2759433
2403,4.4311333
2404,0.33391502
2405,4.5346313
2406,4.126182
2407,0.5442709
2408,1.6257768
2409,4.16081
2410,2.9885628
2411,1.4693455
2412,3.3435006
2413,4.4737816
2414,4.0539403
2415,9.555666
2416,2.475446
2417,1.9548366
2418,1.641179
2419,4.858256
2420,3.5437992
2421,2.6060882
2422,4.0618515
2423,3.040118
2424,2.269459
2425,1.8716829
2426,5.0442767
2427,12.104113
2428,11.826879
2429,2.5340805
2430,7.4999847
2431,8.347093
2432,8.2806
2433,4.0191245
2434,3.9754245
2435,12.320506
2436,7.0078306
2437,8.520009
2438,8.780262
2439,3.0072916
2440,8.285201
2441,1.8009938
2442,11.484916
2443,12.640171
2444,14.150967
2445,2.3115518
2446,3.1536
2447,3.9180367
2448,14.820985
2449,8.232625
2450,14.820985
2451,10.050607
2452,9.750361
2453,4.0708036
2454,2.5127964
2455,4.6942897
2456,3.0318794
2457,3.2464502
2458,2.910743
2459,5.9046597
2460,2.8220892
2461,16.662853
2462,17.787975
2463,13.088906
2464,11.182539
2465,12.567531
2466,11.309901
2467,13.909452
2468,13.228246
2469,13.882526
2470,6.289775
2471,6.392706
2472,6.6943307
2473,7.390932
2474,7.9369464
2475,8.530834
2476,8.372577
2477,7.139612
2478,7.6295667
2479,7.779568
2480,7.238381
2481,7.658162
2482,8.48975
2483,6.5620904
2484,6.901194
2485,9.447635
2486,9.092923
2487,3.598171
2488,8.617763
2489,3.1923826
2490,-0.17282102
2491,6.503692
2492,3.0365195
2493,3.1593919
2494,2.2029343
2495,2.550092
2496,7.2436066
2497,5.1019936
2498,5.202502
2499,5.949035
2500,5.962146
2501,3.0601337
2502,2.7664397
2503,4.4675794
2504,1.556695
2505,1.5413588
2506,1.9176819
2507,2.4245815
2508,3.4772294
2509,2.082379
2510,4.052773
2511,4.404982
2512,2.4377737
2513,5.0667195
2514,4.927438
2515,5.969082
2516,2.968538
2517,1.9392674
2518,1.944275
2519,2.699425
2520,1.2807174
2521,2.6143436
2522,3.7787974
2523,4.0011983
2524,6.770051
2525,6.194185
2526,3.764563
2527,3.4973292
2528,3.6476088
2529,2.527243
2530,2.6138678
2531,2.6397545
2532,3.4782605
2533,2.5214765
2534,15.991263
2535,11.5623
2536,6.4890647
2537,8.462816
2538,8.999631
2539,6.7551084
2540,2.0786822
2541,6.3526
2542,6.3126945
2543,5.9637
2544,2.0634837
2545,4.081574
2546,8.730988
2547,6.875683
2548,5.7495394
2549,17.787975
2550,15.991263
2551,5.1463237
2552,3.5349033
2553,3.5349033
2554,4.410463
2555,4.801553
2556,6.081355
2557,3.6101663
2558,2.6434095
2559,9.714656
2560,6.7433114
2561,0.09801334
2562,0.7004461
2563,5.9279003
2564,6.3318186
2565,0.76516247
2566,6.7179117
2567,2.244193
2568,5.4322963
2569,3.1229882
2570,2.9310014
2571,2.766397
2572,3.056768
2573,1.6222059
2574,4.6312804
2575,3.8363237
2576,2.5651982
2577,-0.48452416
2578,2.8257878
2579,2.7703698
2580,6.3128924
2581,3.105382
2582,7.394151
2583,12.596259
2584,13.039065
2585,13.38696
2586,11.155475
2587,10.6935005
2588,12.531712
2589,14.524436
2590,9.110104
2591,10.236774
2592,8.953039
2593,8.771972
2594,10.09883
2595,9.365518
2596,1.4788731
2597,6.972226
2598,9.577001
2599,11.403636
2600,3.176216
2601,4.5882993
2602,4.1498637
2603,9.759501
2604,8.829673
2605,16.455873
2606,7.945826
2607,3.6977656
2608,16.262466
2609,16.845877
2610,18.04365
2611,13.4105015
2612,3.6137621
2613,7.112863
2614,2.287535
2615,3.0123603
2616,2.87751
2617,3.076314
2618,5.7179456
2619,4.894415
2620,12.63675
2621,5.2171474
2622,10.748132
2623,11.276943
2624,4.775188
2625,20.038181
2626,4.1471477
2627,3.297372
2628,2.0388417
2629,2.2181773
2630,1.9552736
2631,8.156154
2632,3.8442872
2633,7.7875667
2634,7.6532817
2635,7.6813326
2636,6.3552575
2637,8.515845
2638,6.545771
2639,10.679963
2640,17.113234
2641,9.769379
2642,8.398618
2643,6.387096
2644,2.9672692
2645,3.7642317
2646,2.6849744
2647,3.2329257
2648,4.2750044
2649,2.0995321
2650,0.2061764
2651,3.2382293
2652,1.8462975
2653,7.2718115
2654,0.22116555
2655,2.659613
2656,1.8023062
2657,0.73406804
2658,3.9294853
2659,1.7556293
2660,3.8099859
2661,3.2831767
2662,1.2470345
2663,8.557136
2664,7.5129485
2665,2.9653897
2666,6.7488904
2667,2.5127964
2668,17.787975
2669,6.875683
2670,5.7495394
2671,5.6753626
2672,3.1923826
2673,2.0383317
2674,5.546056
2675,2.519947
2676,1.8303622
2677,6.0163774
2678,1.684077
2679,1.930205
2680,6.626486
2681,3.469229
2682,5.716448
2683,6.6469846
2684,5.9098835
2685,8.398618
2686,9.7931595
2687,10.679963
2688,17.4782
2689,17.285969
2690,16.150002
2691,7.354054
2692,11.270511
2693,9.525036
2694,9.4801
2695,7.0866585
2696,6.2539744
2697,3.9748085
2698,7.5703096
2699,5.830949
2700,9.743414
2701,10.549591
2702,14.997318
2703,12.906146
2704,11.251068
2705,9.242961
2706,10.372242
2707,11.532652
2708,15.329786
2709,9.543865
2710,6.0726748
2711,6.7163973
2712,7.7650366
2713,3.1613116
2714,14.943279
2715,10.385834
2716,4.5322022
2717,14.61563
2718,6.3672886
2719,6.0812373
2720,5.6434116
2721,2.2055855
2722,8.839566
2723,7.8800864
2724,5.816454
2725,10.122621
2726,10.250654
2727,14.997318
2728,11.016565
2729,11.456115
2730,14.942332
2731,10.35261
2732,8.590981
2733,11.033484
2734,29.353043
2735,20.266714
2736,4.6247272
2737,6.274933
2738,10.683778
2739,9.057927
2740,4.3524776
2741,7.6565113
2742,5.9400506
2743,5.125335
2744,4.9379296
2745,2.2849603
2746,3.9783344
2747,11.122705
2748,5.543924
2749,7.816367
2750,1.7334179
2751,1.8743587
2752,1.5767608
2753,6.6259804
2754,5.830949
2755,2.6468582
2756,2.5376866
2757,6.608555
2758,12.124693
2759,15.94133
2760,13.192037
2761,8.536576
2762,15.94133
2763,12.763904
2764,16.283722
2765,18.386728
2766,18.079376
2767,16.761957
2768,15.82466
2769,15.20573
2770,15.1013365
2771,12.8160515
2772,12.46358
2773,10.491064
2774,11.516113
2775,9.267569
2776,14.588058
2777,16.518488
2778,17.410673
2779,19.038475
2780,19.634924
2781,19.491407
2782,12.57516
2783,18.451447
2784,2.6806717
2785,1.8817328
2786,2.3374054
2787,2.2959185
2788,2.3094277
2789,2.1779375
2790,1.8807713
2791,18.259325
2792,19.445301
2793,14.923315
2794,18.742912
2795,18.273731
2796,14.902597
2797,4.8439465
2798,4.8439465
2799,8.290876
2800,8.978092
2801,9.6146
2802,13.192037
2803,9.26618
2804,11.600061
2805,9.691177
2806,9.809531
2807,11.972742
2808,11.440765
2809,10.719564
2810,8.774445
2811,8.10367
2812,11.193363
2813,15.94133
2814,18.925161
2815,7.512649
2816,17.85758
2817,13.070396
2818,6.370207
2819,24.48254
2820,35.961895
2821,35.961895
2822,0.9434385
2823,14.61563
2824,14.942332
2825,12.09098
2826,8.839566
2827,4.651035
2828,0.29689202
2829,25.330532
2830,2.8790298
2831,5.7495394
2832,6.5150175
2833,-0.1981741
2834,2.577325
2835,4.8531528
2836,23.547766
2837,8.197509
2838,0.9434385
2839,6.365749
2840,2.3193378
2841,4.4375877
2842,3.7219832
2843,4.934197
2844,3.0477402
2845,35.961895
2846,36.050625
2847,35.961895
2848,36.045837
2849,30.944048
2850,35.961895
2851,4.3863425
2852,24.353388
2853,6.3692594
2854,17.756207
2855,17.756207
2856,17.756207
2857,8.913345
2858,35.961895
2859,33.61683
2860,14.61563
2861,12.297214
2862,29.353043
2863,19.00289
2864,2.1714976
2865,77.51732
2866,3.289347
2867,6.1947284
2868,6.177879
2869,0.2541979
2870,0.2541979
2871,5.714543
2872,4.164183
2873,3.651832
2874,3.3453925
2875,4.4467783
2876,4.241487
2877,4.4112906
2878,6.0048776
2879,4.7845182
2880,4.70456
2881,31.042475
2882,6.7839265
2883,28.322828
2884,35.961895
2885,36.115013
2886,33.910496
2887,26.362364
2888,14.359222
2889,14.595329
2890,20.508017
2891,17.936483
2892,9.588915
2893,37.17975
2894,33.649384
2895,24.410152
2896,6.563121
2897,6.009356
2898,28.523853
2899,22.88163
2900,5.8192883
2901,2.5854332
2902,3.4934433
2903,5.7799754
2904,6.037293
2905,8.044009
2906,5.3246365
2907,6.934955
2908,2.9304879
2909,5.8324137
2910,8.098927
2911,5.7002077
2912,3.1226108
2913,4.4587264
2914,12.201525
2915,1.8660185
2916,3.4809012
2917,2.5196779
2918,3.4934433
2919,0.3677352
2920,0.6709997
2921,2.63526
2922,2.8268275
2923,2.7491987
2924,3.0134652
2925,3.0241473
2926,4.619046
2927,2.4303327
2928,2.8428056
2929,9.40802
2930,5.509732
2931,5.5642476
2932,6.6173267
2933,2.8734176
2934,5.8192883
2935,0.39965555
2936,16.42882
2937,9.2095375
2938,10.079813
2939,8.693105
2940,8.63008
2941,8.906526
2942,7.486186
2943,8.085979
2944,3.1569598
2945,2.7742367
2946,0.95387006
2947,35.961895
2948,4.980013
2949,8.098927
2950,1.9577615
2951,3.2762332
2952,3.219508
2953,8.520009
2954,3.096263
2955,2.8300636
2956,17.24198
2957,3.7071254
2958,3.2326193
2959,3.5618255
2960,3.6220086
2961,8.406644
2962,5.058594
2963,5.12853
2964,10.669041
2965,5.0823326
2966,7.093134
2967,6.25391
2968,6.3672886
2969,6.1721444
2970,11.033484
2971,0.79904425
2972,2.0853229
2973,0.29689202
2974,2.5418243
2975,17.343899
2976,25.0024
2977,16.713465
2978,39.491707
2979,21.658169
2980,2.0015433
2981,24.48254
2982,35.961895
2983,28.131723
2984,10.434123
2985,2.2583778
2986,26.91947
2987,35.446136
2988,35.954124
2989,34.884518
2990,21.819397
2991,36.431217
2992,-0.3984313
2993,-0.39811626
2994,-0.58902824
2995,25.950315
2996,11.461119
2997,4.2128596
2998,3.7590399
2999,1.6393026
3000,2.7769701
3001,13.967919
3002,14.61563
3003,6.399519
3004,6.1583962
3005,25.552818
3006,6.539601
3007,3.924913
3008,7.297875
3009,1.3123846
3010,1.2084296
3011,4.561534
3012,4.989225
3013,4.056164
3014,7.816367
3015,4.592544
3016,6.806308
3017,3.976982
3018,3.9161599
3019,3.720697
3020,22.802818
3021,13.060872
3022,11.573873
3023,8.827737
3024,1.8807713
3025,35.549065
3026,14.210375
3027,13.510654
3028,14.773109
3029,9.122175
3030,4.1594825
3031,0.87736255
3032,1.6026863
3033,2.3404102
3034,0.5269516
3035,0.4234227
3036,5.2202196
3037,4.496783
3038,3.8496525
3039,8.465401
3040,10.517167
3041,10.485729
3042,9.667395
3043,10.517645
3044,13.487122
3045,11.676967
3046,11.856923
3047,10.139519
3048,9.94825
3049,6.356474
3050,1.7184469
3051,3.0815933
3052,2.518358
3053,1.5999501
3054,19.204178
3055,18.213673
3056,17.283234
3057,16.31892
3058,18.405075
3059,16.845877
3060,18.375462
3061,18.356995
3062,14.191845
3063,15.114308
3064,7.109504
3065,6.395252
3066,3.1538773
3067,5.4652057
3068,5.3437476
3069,9.497315
3070,4.6520405
3071,5.5101695
3072,1.9314796
3073,1.9054639
3074,2.921058
3075,3.1678236
3076,4.7123165
3077,4.081243
3078,9.104261
3079,9.682744
3080,7.1653876
3081,6.1702695
3082,5.226738
3083,5.6604924
3084,9.620356
3085,4.839727
3086,4.7780004
3087,2.0634837
3088,4.9159527
3089,5.0337787
3090,6.1887274
3091,-0.7111179
3092,4.7780004
3093,-0.9622535
3094,0.29516733
3095,4.736221
3096,5.3657565
3097,3.589388
3098,1.6441687
3099,1.4524847
3100,0.73944706
3101,1.3594044
3102,0.95544785
3103,3.162772
3104,3.0471065
3105,3.9521117
3106,3.9632883
3107,2.5409446
3108,2.9720118
3109,3.970427
3110,5.6620517
3111,5.4438376
3112,5.0006676
3113,3.6590881
3114,3.4508944
3115,3.3906333
3116,2.828345
3117,2.9354517
3118,6.4890647
3119,5.818517
3120,2.694834
3121,5.73721
3122,4.1087704
3123,2.510349
3124,16.144476
3125,16.510324
3126,15.114308
3127,16.243858
3128,2.836255
3129,3.074879
3130,2.9874387
3131,2.9324443
3132,12.132949
3133,9.85894
3134,9.7135935
3135,6.513491
3136,4.360994
3137,4.490332
3138,9.977758
3139,10.463855
3140,9.171578
3141,12.357363
3142,7.323787
3143,7.133564
3144,7.082585
3145,9.2095375
3146,8.730988
3147,8.337426
3148,7.164158
3149,4.526737
3150,5.0006676
3151,2.400232
3152,2.0874283
3153,3.3656888
3154,-0.098153956
3155,0.21172848
3156,0.53421307
3157,-0.4149144
3158,-0.046888366
3159,-0.22622915
3160,0.38639984
3161,-1.1857365
3162,0.41297296
3163,0.8686038
3164,0.33128965
3165,0.2564875
3166,0.5442561
3167,0.33506483
3168,-0.11283356
3169,0.1546704
3170,4.196316
3171,1.5616518
3172,2.6128685
3173,2.987332
3174,4.007632
3175,2.5208662
3176,2.9695418
3177,34.728294
3178,6.011243
3179,5.6819363
3180,7.4798326
3181,7.403252
3182,7.397782
3183,2.2873342
3184,3.2871985
3185,3.8047855
3186,2.9985647
3187,7.298056
3188,7.4606237
3189,7.51911
3190,7.164254
3191,8.170103
3192,5.9248357
3193,4.9255047
3194,4.899931
3195,5.500511
3196,3.382085
3197,3.1227038
3198,6.077766
3199,5.624843
3200,2.6405072
3201,2.6220214
3202,6.5349193
3203,13.809097
3204,12.712817
3205,18.19465
3206,14.097808
3207,15.591089
3208,14.303632
3209,15.098922
3210,16.603556
3211,16.327509
3212,6.1887274
3213,4.582311
3214,6.875683
3215,4.5843415
3216,7.926868
3217,5.9634824
3218,5.7442575
3219,6.58918
3220,5.9368024
3221,2.426432
3222,2.3098547
3223,1.506917
3224,4.1375446
3225,1.2256403
3226,1.1732439
3227,1.8374366
3228,6.0565915
3229,5.911964
3230,2.0366092
3231,3.558272
3232,1.3857198
3233,4.5389433
3234,4.560948
3235,2.9530838
3236,5.341074
3237,4.3129745
3238,4.514759
3239,4.448335
3240,5.7479553
3241,27.577536
3242,24.48254
3243,21.819397
3244,3.7891078
3245,7.7650366
3246,4.617641
3247,3.0584304
3248,5.048484
3249,3.7995315
3250,5.8192883
3251,2.8973613
3252,4.720913
3253,3.4683723
3254,5.5969872
3255,5.878354
3256,11.493233
3257,3.9946673
3258,3.4760199
3259,3.4710352
3260,2.400232
3261,3.350183
3262,3.397835
3263,3.134466
3264,7.82738
3265,3.8407881
3266,3.6136482
3267,12.104113
3268,11.484916
3269,7.7779284
3270,9.173179
3271,2.2181773
3272,2.5875025
3273,17.787975
3274,7.6232553
3275,6.6655316
3276,2.8612041
3277,6.6866384
3278,11.850472
3279,8.452622
3280,8.530224
3281,2.9726477
3282,9.410186
3283,17.787975
3284,4.6021075
3285,8.044009
3286,7.6790547
3287,9.0369425
3288,7.0998607
3289,0.82731783
3290,1.1456075
3291,0.42998615
3292,-0.03171212
3293,0.60459745
3294,1.7049865
3295,3.609083
3296,3.8715127
3297,6.979101
3298,5.6982136
3299,5.0560417
3300,6.155497
3301,1.5934097
3302,1.7772241
3303,1.8009647
3304,3.8925164
3305,6.331804
3306,4.1595006
3307,1.5934097
3308,4.1020036
3309,4.660106
3310,17.277199
3311,1.7296472
3312,2.0074492
3313,17.277199
3314,11.049806
3315,3.1718218
3316,3.3877995
3317,3.059117
3318,3.3802004
3319,4.6101866
3320,3.85084
3321,3.1878972
3322,4.5505157
3323,10.592019
3324,0.8956414
3325,11.921809
3326,11.921809
3327,4.851811
3328,4.140662
3329,3.8295746
3330,3.1997259
3331,11.426949
3332,11.426949
3333,8.780262
3334,3.6145618
3335,6.7433114
3336,2.53789
3337,2.6081111
3338,5.551229
3339,5.3658624
3340,5.5756764
3341,5.4242096
3342,2.1493993
3343,2.6390421
3344,12.601217
3345,14.666132
3346,12.744102
3347,3.056341
3348,11.652821
3349,14.311194
3350,11.430366
3351,2.0891879
3352,14.689161
3353,11.649445
3354,10.956413
3355,18.19465
3356,6.545244
3357,5.804902
3358,6.48063
3359,5.5568194
3360,1.8050729
3361,0.18051605
3362,0.46966332
3363,-0.26956478
3364,2.2769003
3365,0.4810514
3366,0.42357618
3367,1.1559461
3368,1.1743324
3369,1.2074527
3370,1.2725307
3371,1.1559461
3372,3.6170704
3373,10.811531
3374,10.10996
3375,6.2923136
3376,11.043441
3377,9.539658
3378,10.583665
3379,8.416995
3380,8.742628
3381,8.440896
3382,11.655838
3383,3.0398138
3384,2.0816376
3385,2.300707
3386,3.6327262
3387,3.3231845
3388,4.980013
3389,3.6947534
3390,4.4554834
3391,111.0108
3392,114.36615
3393,114.18716
3394,102.249825
3395,31.932323
3396,20.069897
3397,1.7743815
3398,4.4739914
3399,4.705006
3400,6.801669
3401,17.0619
3402,25.657085
3403,16.530193
3404,108.22011
3405,109.01511
3406,90.82738
3407,91.68235
3408,85.08158
3409,73.36356
3410,1.9793435
3411,20.628738
3412,22.35353
3413,74.20074
3414,7.4838414
3415,1.7215282
3416,14.654419
3417,3.274272
3418,1.2974744
3419,6.875683
3420,2.6233506
3421,4.24408
3422,1.9805784
3423,2.457435
3424,6.210784
3425,3.9661562
3426,2.4620092
3427,2.4903727
3428,2.4726202
3429,1.344634
3430,2.3946607
3431,6.120432
3432,8.239314
3433,8.295639
3434,6.421879
3435,4.314431
3436,3.2040656
3437,3.473876
3438,1.9437833
3439,5.335142
3440,7.4838414
3441,6.5575285
3442,2.069069
3443,6.380139
3444,6.1430573
3445,2.9084554
3446,10.31426
3447,59.736626
3448,92.69509
3449,10.868982
3450,4.8574014
3451,3.357989
3452,91.470184
3453,83.995056
3454,83.465775
3455,115.050575
3456,104.468735
3457,104.05601
3458,1.1721864
3459,1.1873541
3460,0.33750632
3461,2.158626
3462,1.3459924
3463,1.2949283
3464,1.2663217
3465,2.1194503
3466,2.0755649
3467,2.9915562
3468,3.34409
3469,0.26091462
3470,3.2304194
3471,90.87359
3472,105.96135
3473,27.00103
3474,16.24705
3475,7.2179174
3476,5.3234096
3477,4.3180895
3478,3.4290276
3479,6.002249
3480,6.0033045
3481,109.52998
3482,5.9791903
3483,1.7708695
3484,1.8009938
3485,29.119146
3486,46.765396
3487,35.282345
3488,4.561534
3489,36.884666
3490,4.6021075
3491,42.844738
3492,44.1821
3493,38.490307
3494,44.380978
3495,41.793015
3496,27.893147
3497,47.275997
3498,26.002594
3499,6.4916925
3500,4.4636245
3501,43.096222
3502,47.275997
3503,11.639697
3504,6.934955
3505,4.319618
3506,3.5675309
3507,4.561534
3508,71.40839
3509,27.251715
3510,5.385752
3511,1.3827075
3512,3.8141537
3513,0.7882062
3514,0.029034518
3515,7.543307
3516,3.815892
3517,31.63402
3518,4.311865
3519,92.69509
3520,4.1097665
3521,34.85943
3522,27.130775
3523,20.625143
3524,29.871582
3525,18.35191
3526,21.367727
3527,14.344485
3528,15.024478
3529,26.92969
3530,30.473455
3531,38.605846
3532,28.346344
3533,10.318952
3534,26.002594
3535,3.789051
3536,4.9143457
3537,0.029034518
3538,26.002594
3539,33.46247
3540,18.596434
3541,36.981873
3542,16.075253
3543,8.098927
3544,33.393047
3545,7.140085
3546,2.5578225
3547,2.0786822
3548,5.180663
3549,88.73909
3550,88.1605
3551,89.63364
3552,89.17961
3553,42.17734
3554,86.77222
3555,85.19768
3556,16.625555
3557,11.448831
3558,10.864744
3559,11.49079
3560,9.611344
3561,1.361834
3562,1.4969541
3563,2.8749564
3564,8.299755
3565,34.404
3566,4.895276
3567,7.7545266
3568,8.089972
3569,9.324643
3570,3.196556
3571,3.549198
3572,3.5322917
3573,46.10355
3574,19.659922
3575,12.849134
3576,7.068685
3577,7.0064373
3578,17.25634
3579,10.97065
3580,12.846184
3581,19.659922
3582,39.581383
3583,18.940695
3584,45.842403
3585,18.663782
3586,8.337426
3587,4.5297112
3588,10.998077
3589,32.150932
3590,31.895891
3591,104.463264
3592,76.132225
3593,29.714378
3594,8.697357
3595,14.888046
3596,19.04661
3597,28.627243
3598,2.9419372
3599,3.568774
3600,3.2704425
3601,28.627243
3602,36.158707
3603,13.956103
3604,14.039529
3605,15.685255
3606,5.3234096
3607,3.8391626
3608,4.018885
3609,3.4487617
3610,8.299755
3611,14.581909
3612,12.220967
3613,30.117424
3614,12.892866
3615,1.6755629
3616,1.5800275
3617,4.168554
3618,46.10355
3619,27.160099
3620,31.527885
3621,11.85508
3622,30.559145
3623,26.002594
3624,30.117424
3625,31.895891
3626,9.467416
3627,8.721232
3628,12.965823
3629,6.796229
3630,32.740868
3631,12.220967
3632,9.434704
3633,10.851275
3634,12.803839
3635,29.644804
3636,42.844738
3637,78.74516
3638,78.16464
3639,77.965706
3640,67.11706
3641,59.55958
3642,43.93978
3643,61.102066
3644,8.4849415
3645,9.149397
3646,8.298626
3647,22.377604
3648,23.89079
3649,21.71579
3650,33.777287
3651,2.9941087
3652,6.875683
3653,5.7019653
3654,1.3965863
3655,1.1695015
3656,13.759352
3657,1.3965863
3658,1.8351728
3659,22.119024
3660,11.232858
3661,13.956103
3662,27.014908
3663,11.136657
3664,98.667
3665,2.11668
3666,12.497305
3667,12.760359
3668,53.0085
3669,2.7056358
3670,10.164359
3671,9.817487
3672,2.2662184
3673,7.7213507
3674,6.878014
3675,7.847084
3676,1.8105189
3677,31.706501
3678,35.81136
3679,28.351284
3680,33.245625
3681,11.998444
3682,7.7874293
3683,4.188394
3684,6.9347134
3685,5.7002077
3686,6.9347134
3687,7.032704
3688,7.0168247
3689,6.984385
3690,6.934955
3691,6.5272856
3692,6.4197106
3693,6.387367
3694,6.365749
3695,3.4282815
3696,4.278289
3697,6.324065
3698,6.35603
3699,14.792945
3700,15.101108
3701,33.25747
3702,3.1705728
3703,1.7565775
3704,27.502668
3705,20.607706
3706,5.7035823
3707,5.591536
3708,2.4716132
3709,2.8289573
3710,1.4360219
3711,6.626486
3712,14.581909
3713,26.66361
3714,18.764229
3715,13.685814
3716,17.873957
3717,16.778784
3718,2.7331734
3719,4.17083
3720,5.1099343
3721,28.874222
3722,15.359041
3723,3.2717588
3724,2.8467207
3725,7.8032913
3726,10.370055
3727,10.370055
3728,21.752302
3729,14.23872
3730,17.676447
3731,10.440192
3732,79.65819
3733,26.081387
3734,14.151557
3735,13.397954
3736,45.135487
3737,46.262463
3738,1.7937769
3739,1.8849071
3740,9.753375
3741,107.09736
3742,45.912186
3743,3.0476036
3744,29.644804
3745,10.688642
3746,21.163958
3747,25.724113
3748,16.090181
3749,25.415762
3750,24.16031
3751,24.856457
3752,28.92653
3753,30.23744
3754,3.391966
3755,75.94715
3756,79.907524
3757,1.6134373
3758,31.88596
3759,3.549198
3760,1.9807768
3761,8.746598
3762,14.942332
3763,9.780671
3764,15.665987
3765,13.999216
3766,33.977024
3767,22.285744
3768,8.102984
3769,8.102984
3770,8.102984
3771,8.298626
3772,5.3776293
3773,25.456478
3774,26.464338
3775,18.663782
3776,0.71201736
3777,2.5455003
3778,8.208304
3779,7.7797976
3780,9.2849
3781,7.843963
3782,11.868903
3783,17.99625
3784,26.036772
3785,5.390213
3786,8.233507
3787,6.7300925
3788,25.114594
3789,27.1174
3790,31.951933
3791,31.415977
3792,32.595673
3793,27.475681
3794,24.36117
3795,15.282252
3796,11.788201
3797,11.722854
3798,10.388204
3799,11.731118
3800,19.713993
3801,14.942332
3802,2.275022
3803,32.740868
3804,1.1410222
3805,0.7522519
3806,0.7564603
3807,0.7854325
3808,5.048853
3809,16.625555
3810,95.808426
3811,96.0665
3812,35.48231
3813,32.977577
3814,79.77958
3815,91.90877
3816,68.30327
3817,103.64383
3818,107.81706
3819,27.086044
3820,11.366957
3821,21.298681
3822,2.1893425
3823,30.987469
3824,3.7417712
3825,1.7215282
3826,18.591702
3827,30.617205
3828,5.7495394
3829,5.7495394
3830,10.128296
3831,5.3234096
3832,7.843963
3833,3.7590399
3834,4.4362454
3835,4.3759966
3836,4.461643
3837,3.9391246
3838,13.2262945
3839,2.9121926
3840,2.4296598
3841,2.445014
3842,2.0667744
3843,2.7036495
3844,16.167404
3845,32.405445
3846,22.735254
3847,27.475681
3848,64.4074
3849,69.55224
3850,24.573383
3851,21.637949
3852,21.260529
3853,32.931168
3854,16.15834
3855,35.26678
3856,2.9084554
3857,27.489338
3858,15.982349
3859,22.76708
3860,14.581909
3861,18.220743
3862,28.939245
3863,27.475681
3864,35.961895
3865,18.641043
3866,19.149933
3867,22.950935
3868,11.712932
3869,6.4385815
3870,14.655909
3871,5.2011566
3872,2.905497
3873,1.1619194
3874,10.884991
3875,10.37689
3876,31.4526
3877,8.501985
3878,39.195454
3879,12.830306
3880,12.965823
3881,10.054693
3882,52.862682
3883,72.2425
3884,68.66959
3885,53.39554
3886,42.115757
3887,35.867764
3888,2.5056086
3889,23.27043
3890,22.031906
3891,11.885158
3892,25.721573
3893,26.806295
3894,34.137024
3895,11.839463
3896,9.907879
3897,10.506186
3898,10.035079
3899,2.9327433
3900,0.08568134
3901,0.08568134
3902,8.02356
3903,11.557413
3904,16.312464
3905,0.54415077
3906,2.5056086
3907,1.6249508
3908,2.9525905
3909,15.594724
3910,4.0757704
3911,23.122492
3912,19.772978
3913,19.543676
3914,44.3792
3915,16.26979
3916,3.4455223
3917,15.343351
3918,4.0321836
3919,4.1910067
3920,4.2097917
3921,3.979657
3922,4.3626847
3923,25.268599
3924,24.702122
3925,8.756868
3926,5.6841083
3927,2.7649539
3928,79.90653
3929,126.93258
3930,15.756634
3931,16.160997
3932,15.894842
3933,16.231249
3934,3.8405862
3935,5.6741366
3936,3.643713
3937,110.3857
3938,110.04868
3939,2.1043446
3940,29.935598
3941,1.1885263
3942,32.470684
3943,26.66361
3944,17.441772
3945,19.944181
3946,35.024147
3947,16.624395
3948,16.389122
3949,1.4970984
3950,1.5050323
3951,9.411188
3952,8.915067
3953,5.2468657
3954,1.535333
3955,16.200182
3956,10.337703
3957,20.55804
3958,18.431631
3959,16.625555
3960,12.426189
3961,32.740868
3962,34.183884
3963,12.284435
3964,10.370813
3965,2.8908937
3966,11.858439
3967,10.836298
3968,17.423042
3969,4.4800196
3970,33.243927
3971,18.663782
3972,8.368909
3973,4.460705
3974,3.578297
3975,2.3169372
3976,3.04196
3977,26.471102
3978,19.045652
3979,18.88016
3980,27.926268
3981,6.533853
3982,1.7215282
3983,1.8413109
3984,17.413157
3985,4.427589
3986,7.0831504
3987,7.0514884
3988,20.421097
3989,20.293743
3990,20.38247
3991,2.7649539
3992,38.069458
3993,50.798473
3994,5.254678
3995,4.617697
3996,3.393436
3997,3.2761295
3998,1.4982765
3999,4.744096
4000,1.5039437
4001,3.6836238
4002,7.7293935
4003,6.1427813
4004,6.493675
4005,5.4233236
4006,39.916637
4007,6.495847
4008,5.5728574
4009,3.6667423
4010,4.076532
4011,3.381707
4012,5.3036466
4013,3.9163196
4014,5.6954093
4015,3.5188599
4016,3.385528
4017,35.961895
4018,3.51538
4019,16.766518
4020,16.977324
4021,16.91417
4022,12.372641
4023,30.078276
4024,1.1791626
4025,14.446232
4026,15.156868
4027,3.8099859
4028,2.6200972
4029,13.847622
4030,2.71228
4031,5.254678
4032,4.1165905
4033,14.034088
4034,5.18939
4035,3.4094427
4036,4.762589
4037,1.7369058
4038,8.619145
4039,11.928413
4040,13.687673
4041,2.0942118
4042,2.8907442
4043,4.408899
4044,21.099157
4045,3.710217
4046,3.830322
4047,5.344619
4048,5.8593345
4049,5.3450675
4050,29.362629
4051,50.904655
4052,43.425858
4053,12.744662
4054,10.577821
4055,44.278606
4056,12.965823
4057,2.5896962
4058,2.4591575
4059,2.6968534
4060,3.033714
4061,44.70848
4062,2.0097425
4063,1.4696906
4064,2.1066713
4065,2.5713544
4066,3.0386434
4067,3.493423
4068,2.0439963
4069,20.856268
4070,5.254678
4071,27.749735
4072,27.385252
4073,27.13044
4074,27.487186
4075,2.2247481
4076,2.0898464
4077,3.3620114
4078,6.4637403
4079,6.227052
4080,2.4591575
4081,2.6504512
4082,4.493766
4083,4.823814
4084,4.696242
4085,4.945132
4086,19.110907
4087,18.64183
4088,6.89675
4089,72.18752
4090,32.57072
4091,36.458317
4092,30.008236
4093,32.177822
4094,3.5812647
4095,2.870521
4096,7.252347
4097,5.4699264
4098,44.37046
4099,4.199436
4100,4.3554015
4101,9.414652
4102,28.161554
4103,25.497778
4104,28.460835
4105,25.130661
4106,28.226973
4107,23.90119
4108,16.081163
4109,1.5655928
4110,2.7462602
4111,1.7061971
4112,11.479815
4113,7.0028167
4114,7.027303
4115,31.190626
4116,2.857018
4117,32.000065
4118,18.30625
4119,5.0999446
4120,14.69227
4121,15.365942
4122,6.5575285
4123,5.0999446
4124,24.657166
4125,23.928135
4126,18.380247
4127,25.841942
4128,2.870521
4129,4.199008
4130,32.027008
4131,28.874222
4132,23.89079
4133,9.733796
4134,10.22729
4135,19.879856
4136,10.453038
4137,57.749363
4138,14.804332
4139,14.921486
4140,15.881505
4141,2.7407708
4142,3.8487115
4143,16.641006
4144,18.21701
4145,11.183512
4146,12.722349
4147,3.9171774
4148,2.6504512
4149,4.823814
4150,5.117873
4151,2.7649539
4152,5.2202196
4153,2.4719942
4154,2.5818334
4155,2.791529
4156,27.794575
4157,2.0599864
4158,2.5168307
4159,10.62781
4160,7.973895
4161,7.923356
4162,12.81679
4163,5.0999446
4164,1.7790949
4165,4.5039277
4166,38.069458
4167,21.35014
4168,31.259033
4169,27.98563
4170,2.1736267
4171,2.2521234
4172,2.257017
4173,2.2418556
4174,1.891622
4175,3.679823
4176,7.748605
4177,3.5949514
4178,2.215331
4179,5.6841083
4180,22.41386
4181,11.996883
4182,11.2659025
4183,9.922883
4184,5.542254
4185,6.545827
4186,27.449186
4187,29.740019
4188,12.284435
4189,33.773872
4190,2.2122843
4191,34.499416
4192,4.248333
4193,3.6678703
4194,5.9245677
4195,4.4554157
4196,2.9031212
4197,2.522661
4198,2.2323678
4199,12.426189
4200,2.4767203
4201,2.7417157
4202,1.6973668
4203,5.19145
4204,23.515394
4205,12.379786
4206,26.981087
4207,15.860563
4208,20.379799
4209,121.12142
4210,116.78745
4211,3.8005826
4212,1.7483999
4213,1.8587639
4214,1.6393026
4215,1.1465732
4216,1.1281269
4217,1.0937322
4218,4.248333
4219,25.456478
4220,16.05581
4221,23.74086
4222,3.341988
4223,31.41943
4224,29.352575
4225,7.7650366
4226,4.617641
4227,4.4385757
4228,68.04734
4229,3.9466734
4230,3.9163196
4231,2.6768372
4232,1.5235759
4233,2.3946607
4234,1.457938
4235,2.8386035
4236,15.504081
4237,12.158788
4238,18.08594
4239,34.128605
4240,17.12262
4241,4.578948
4242,1.721932
4243,1.1702447
4244,1.2469189
4245,1.2619994
4246,17.912043
4247,24.897892
4248,24.573689
4249,5.2771077
4250,6.5541735
4251,1.6765075
4252,1.6765075
